,title,keywords
0,百度“AI to B”志在长远，智能云“产业智能化”行在当下,"['志在', '行在', '产业', '百度', '智能', 'ai', 'ldquo', 'rdquo']"
1,8K时代来了，三星如何拿下技术王牌标签？,"['8k', '三星', '技术', '电视', '4k', 'ldquo', 'rdquo', '产品']"
2,区块链在银行金融业的探索——现状研究,"['区块', '银行', '金融业', 'blockcha', 'no', 'bank', 'op', 'ancial']"
3,title-1560825710,['title']
4,“一般数据保护条例”对数据分析及挖掘的影响,"['数据保护', '数据分析', 'gd', '数据', '欧盟', 'pr', '隐私', 'nbsp']"
5,硅谷AI商业化大会专题讨论：自动驾驶与智能交通的未来,"['交通', '硅谷', '专题讨论', '商业化', '智能', 'ai', '汽车', 'louay']"
6,奇点云行业观察 | 购物中心如何实现高质量数据采集？,"['高质量数据', '奇点', '实现', '数据', '消费者', '入会', '业态', '线下']"
7,达观数据：Angular 6+依赖注入使用指南：providedIn与providers对比,"['providers', 'provided', 'angular', '使用指南', 'in', '数据', '加载', 'root']"
8,title-1558413361,"['title', '苏宁', '易购', '消费者', '智慧零售', '小店']"
9,title-1560592865,['title']
10,智能对话爆发，但要做引擎的百度大脑已经提前赢下这场AI竞赛,"['这场', '竞赛', '百度', '智能', 'ai', 'ldquo', 'rdquo', '平台']"
11,拿下消金牌照，结盟光大银行，度小满跨越“J型曲线”拐点,"['度小满', '光大银行', '拐点', 'ldquo', 'rdquo', '金融', '金融科技', '风控']"
12,达观数据：数据不够？GAN来凑！,"['数据', 'gan', '生成器', '卷积', '向量', 'dc', '法使', '梯度']"
13,车载OS“福特事件”：百度阿里的暗战,"['os', '车载', '福特', '暗战', '阿里', '百度', 'alios', '小度']"
14,百度“小灵”：矗立在AI百年历史关口的AI虚拟主持人,"['小灵', 'ai', '百度', 'ldquo', 'rdquo', '五四', '技术', '工业革命']"
15,title-1560390852,['title']
16,title-1560390869,['title']
17,深度分析拼多多的首场618战事：“猫拼狗“的快打旋风,"['拼狗', '快打旋风', '深度', 'ldquo', 'rdquo', '消费者', '电商']"
18,两大业务“一降一升”让苹果有望重归万亿市值,"['苹果', '万亿', '市值', '一降', '重归', '一升', 'ldquo', 'rdquo']"
19,2018WAIC“高光”时刻系列回顾: 人工智能需要“全世界联合起来”,"['全世界联合起来', 'waic', '人工智能', 'ai', '腾讯', 'ldquo', 'rdquo']"
20,2018WAIC“高光”时刻系列回顾: 人工智能需要“全世界联合起来”,"['全世界联合起来', 'waic', '人工智能', 'ai', '腾讯', 'ldquo', 'rdquo']"
21,使用Python+opencv进行图像处理（一） | 视觉入门,"['图像处理', 'encv', '入门', 'op', '视觉', 'python', 'draw', 'img']"
22,数据中台元年，企业数字化转型面临的三大挑战,"['数字化转型', '数据中台', '三大', '企业', '数据', '门店', '数据模型', '业务部门']"
23,全球「最快」网络芯片将被英特尔收购，曾获阿里腾讯投资,"['收购', '英特尔', '投资', '阿里', '芯片', '腾讯', 'barefoot', '博通']"
24,旷视完成7.5亿美元D轮融资，估值40亿美元,"['旷视', '估值', '融资', '中银', '投资者']"
25,旷视完成7.5亿美元D轮融资，估值40亿美元,"['旷视', '估值', '融资', '中银', '投资者']"
26,国产32.8万元起，特斯拉是来诚心卖车还是来恶意收割？,"['特斯拉', '卖车', '电动车', '车厂', '产能', '万辆']"
27,瑞幸咖啡，不过是又一个“逃离美团者”,"['瑞幸', '美团者', '美团', 'ldquo', 'rdquo', '门店', '星巴克', '合作伙伴']"
28,一文读懂文本处理中的对抗训练,"['文本处理', '读懂', '对抗攻击', 'nbsp', '攻击', '模型', 'adversarial', '向量']"
29,TensorLayer 2.0：保有最多官方神经网络层的通用Python库,"['layer', 'tensor', '网络层', 'python', '董豪', '开源', '深度学习']"
30,title-1559790654,['title']
31,数据中台技术汇(一) | DataSimba——企业级一站式大数据智能服务平台,"['datasimba', '一站式', '企业级', '服务平台', '数据中台', '大数据', '智能', '技术']"
32,优酷logo变更与视频平台们的“她经济”算盘,"['优酷', 'logo', '视频', '平台', '女性', 'rdquo', 'ldquo', '爱奇艺']"
33,阿里云“被集成”下，玖富数科的数字普惠金融“新范式”计划 ,"['富数科', '普惠', '金融', '范式', '阿里', 'ldquo', 'rdquo', '富云']"
34,AI时代不要再被操作系统卡脖子，支持国货飞桨，掌握技术主动权！,"['操作系统', '飞桨', '技术', 'ai', 'ldquo', 'rdquo', '框架', '深度学习']"
35,独有高端市场用户，行业领先的聚好看如何为OTT营销正名？,"['ott', '广告', 'ldquo', 'rdquo', '广告主', '电视', '大屏', '终端']"
36,"北冥星眸联手福建人保财险,AI服务体系赋能保险业","['财险', '北冥星眸', '保险业', '服务体系', '赋能', '福建人', 'ai', '福建省']"
37,中国第一、全球前三！那个用最短时间登顶的小度你了解吗？,"['小度', '短时间', '智能', 'ldquo', 'rdquo', '硬件', '百度', '电视']"
38,初创公司激战无人物流，在谈诗和远方之前先“填饱肚子”,"['物流', '填饱', '商用车', '希迪智驾', 'ldquo', 'rdquo', '卡车', '乘用车']"
39,接棒Oracle的“准遗产”，华为云的云数据库靠谱吗？,"['oracle', '接棒', '数据库', '华为', 'ldquo', 'rdquo', '企业', 'mysql']"
40,短期盈利无望，Uber到底值多少钱？,"['uber', '多少钱', '租车', '卡兰', '尼克', '出租车', '滴滴']"
41,汉得信息之后再牵东软控股，百度智能云内外“兼修”,"['东软', '汉得', '兼修', '百度', '智能', 'ldquo', 'rdquo', '产业']"
42,用户不再为“新机”买单，衰退期入场的字节跳动怎么还敢进?,"['新机', '衰退期', '还敢', '智能手机', '互联网', '换机', 'ldquo', 'rdquo']"
43,title-1558412339,"['title', 'ind', '模组', 'em']"
44,百分点与常州政府签署战略合作协议,"['州政府', '常州', '常州市', '大数据', '政府', '市长', '丁纯', '战略合作框架协议']"
45,为什么说爱奇艺是一家技术公司?,"['爱奇艺', '技术', '广告', 'vr', 'ai', '视频', '主播', '后期制作']"
46,爱奇艺iOS真机远程APP测试技术实践,"['app', 'ios', '真机', '测试', '爱奇艺', '技术', 'ui', 'wda']"
47,人工智能时代如何高效发掘数据库的价值？NL2SQL研究需要关注,"['nl2sql', '数据库', '人工智能', 'sql', '数据', '查询', 'wikisql', '自然语言']"
48,造车新势力也下场了，滴滴巨亏390亿也拦不住车企布局出行的步伐,"['车企', '巨亏', '造车', '拦不住', '滴滴', '戴姆勒', 'ldquo']"
49,title-1559117429,['title']
50,title-1559117433,['title']
51,什么是服装零售企业的数字化升级,"['企业', '数据', '消费者', '门店', 'bi', '数据中台', '智能', '技术']"
52,从海马“卖房保壳”看自主品牌的生存焦虑,"['卖房', '保壳', 'ldquo', 'rdquo', 'suv', '万台', '政策', '汽车']"
53,抢跑AT拿到消费金融牌照后，度小满能否走过“J型曲线”拐点？,"['度小满', '走过', '抢跑', 'at', '拿到', '拐点', '金融', 'ldquo']"
54,title-1559023303,['title']
55,title-1559023366,['title']
56,8K乱战，一触即发,"['8k', '乱战', '电视', '4k', '三星', '产品', 'ldquo', 'rdquo']"
57,title-1557396127,['title']
58,响铃：BAT生态“大槐树”初长成，小程序如何为生态开枝散叶？ ,"['小程序', '大槐树', '响铃', '初长成', '散叶', '开枝', 'bat', 'ldquo']"
59,PyTorch代码调试利器: 自动print每行代码的Tensor信息,"['代码', '每行', 'pr', 'tensor', 'int', 'pytorch', 'var', 'torchs']"
60,英伟达深度学习推理引擎TensorRT，现在开源了,"['tensorrt', '推理', '伟达', '深度学习', '开源', '插件', '解析器', 'caffe']"
61,谁说偷窥一定要趴墙头？这个系统可用声波「看见」墙后物体,"['可用', '偷窥', '墙后', '系统', '隐藏物体', 'nlos', '共焦', '声学']"
62,英伟达宣布全面支持ARM高性能计算，三周打造全球排名第22超算,"['超算', '三周', '全球排名', '高性能', '伟达', 'ar', 'dgx']"
63,看一眼就知手感，北大学神联手朱俊彦让机器人「想象」触感,"['朱俊彦', '触感', '机器人', '视觉', '模型', '感知', '解码器', '李昀烛']"
64,极端类别不平衡数据下的分类问题研究综述,"['分类', '综述', '数据', '少数类', '分类器', 'imbalanced', 'smote', 'balancecascade']"
65,应对金融大数据挑战 从个体到群体风险预测：氪信技术干货全析,"['全析', '干货', '金融', '大数据', '预测', '技术', 'ks', '数据']"
66,如何用NLP与知识图谱支援MarTech建设？,"['martech', '图谱', 'nlp', '销售', '姚从磊', '获客', 'sales', '数据']"
67,任正非对话美国思想巨头：短期预计营收下降300亿美元，但2021年华为将重焕生机,"['思想', '重焕', '任正非', '营收', '美国']"
68,科创引领智能新时代，2019全球新经济年会在沪召开,"['科创', '引领', '智能', '亿欧', '企业', '长宁', '科创板']"
69,BERT时代与后时代的NLP（一）,"['bert', 'nlp', '模型', '数据', '多任务', '工作', '精调', '语言']"
70,Pytorch网络结构可视化,"['网络结构', '可视化', 'pytorch', 'supported', 'out', 'dr', 'op', 'no']"
71,CNN网络结构的发展：从LeNet到EfficientNet,"['lenet', 'efficientnet', '网络结构', 'cnn', '卷积', 'times', 'nbsp', 'ception']"
72,5G浪潮下，AI将会发生怎样的变化,"['将会', '5g', '浪潮', 'ai', '视频', 'bull', '视频流', '4g']"
73,对新手友好的 PyTorch 深度概率推断工具 Brancher，掌握 ML 和 Python 基础即可上手,"['brancher', 'ml', 'pytorch', '深度', 'python', 'quot', 'nu', 'mu']"
74,PyTorch代码调试利器TorchSnooper: 自动print每一行代码的Tensor的信息,"['代码', 'torchs', 'er', 'no', 'pr', 'tensor', 'op', 'int']"
75,征集令 | 2019 世界人工智能大会·黑客马拉松赛题征集中，共推 AI 高质量发展,"['高质量', '黑客', '马拉松赛', '共推', '人工智能', 'ai', '赛题']"
76,神秘的Waymo一反常态，CVPR现场发布大型自动驾驶数据集,"['waymo', '神秘', 'cvpr', '数据', 'kitti', '激光雷达', 'nuscenes', '万帧']"
77,与华为合作不能断：芯片大厂高通、英特尔向美国政府施压,"['美国政府', '大厂', '高通', '英特尔', '华为', '芯片', '美国商务部', '销售']"
78,图灵奖得主Yoshua Bengio谈5G、中美争端以及「错误的」ICML最佳论文,"['yoshua', 'bengio', '图灵奖', '5g', 'icml', '论文', 'mila', '滴滴']"
79,结合强化学习，腾讯数据库最新研究入选顶级会议SIGMOD,"['sigmod', '数据库', '会议', '最新', '腾讯', 'cdbtune', '存储技术', '数据库系统']"
80,猫主子总往家里带老鼠？那就用深度学习打造一个「猫门」吧,"['猫门', '总往', '深度学习', 'ben', 'hellip', 'hamm', '嘴里', '猫咪']"
81,芯片技术被「卡脖子」？这是中国对抗封锁最有效的「武器」,"['中国', '芯片', '技术', 'risc', '芯启', '指令集', 'ar', 'ip']"
82,谷歌发布NLP最先进预训练模型：开源BERT,"['bert', 'nlp', '谷歌', '开源', '模型', 'ldquo', 'tpu', 'rdquo']"
83,注意力机制可解释吗？这篇ACL 2019论文说……,"['这篇', 'acl', '论文', '权重', 'lowast', 'js', '模型']"
84,系统探讨「跨语言词嵌入」，这是一本刚出炉新书,"['跨语言词嵌入', '系统', '对齐', '可比较数据', '平行数据', '词级', '本书', '分类']"
85,基于视觉控制，40美元玩转无传感器机械臂（已开源）,"['玩转', '传感器', '视觉', '开源', '关键点', '二维', '数据']"
86,以四小龙为首的CV企业占比七成，安防AI化已成产业趋势 | 附报告下载,"['安防', '四小龙', 'cv', '已成', '七成', '企业', '报告', '产业']"
87,AI「照妖镜」：不仅知道你P过图，还知道你P图前长啥样,"['图前', '过图', 'ai', '流场', 'ps', 'do', '原图', 'photosh']"
88,ICML亮点论文：随机优化算法的证明以及在架构搜索上的应用,"['优化', 'icml', '算法', '应用', '论文', 'adagrad', 'norm', '收敛']"
89,当Git和Git-LFS无法解决机器学习复现问题时，是时候祭出DVC了,"['git', 'dvc', 'lfs', '祭出', '复现', 'scm', '数据文件', '数据']"
90,死亡启示录：AI在Dota 2中预测玩家5秒后死亡,"['dota', '玩家', '预测', 'ai', '游戏', '研究者', 'death']"
91,滴滴与Yoshua Bengio领导的Mila达成深度合作，推进智能驾驶基础研究,"['滴滴', 'mila', 'yoshua', 'bengio', '深度', '智能', 'ai', '蒙特利尔']"
92,高德地图联合阿里云推出智慧高速解决方案 计划未来一年覆盖十省市高速路网,"['高德', '省市', '地图', '解决方案', '阿里', '交通', '标配', '城市']"
93,​潜行七年的「鸿蒙」或十月出货，华为如何再造「安卓生态」？,"['鸿蒙', '安卓生态', '十月', '华为', '操作系统', '安卓', '系统', 'fr']"
94,WAIC·黑客马拉松赛题征集令：千人规模共推AI高质量发展,"['千人', '高质量', '黑客', '马拉松赛', '共推', 'waic', 'ai', '赛题']"
95,「AI间谍」扰乱美国政坛，众议院提出法案打击Deepfake换脸技术,"['ai间谍', 'fake', '换脸', '美国', 'deep', '技术', '提出', 'deepfakes']"
96,Jurgen Schmidhuber新论文：我的就是我的，你的GAN还是我的,"['schmidhuber', 'jurgen', 'gan', '论文', 'pm', 'ac', '极小']"
97,CVPR 2019提前看：少样本学习专题,"['cvpr', 'shot', 'laso', 'few', '节点', 'eg', 'zero']"
98,Keras官方出调参工具了，然而Francois说先别急着用,"['出调', '别急', 'francois', 'keras', 'tuner', 'val', 'model']"
99,如何可视化BERT？你需要先理解神经网络的语言、树和几何性质,"['语言', '可视化', 'bert', '神经网络', '毕达哥拉斯', '节点', '欧几里德', 'hewitt']"
100,阿里最新研究成果发布：AI进化到助理法官水平，可一秒自主「判案」,"['研究成果', '阿里', '最新', 'ai', 'sigir', '纠纷案', '法律', '关联性']"
101,墨云科技完成嘉御基金领投的A＋轮数千万人民币融资，蓝驰创投、联想之星继续跟投,"['墨云', '联想', '嘉御', '创投', '之星', '数千万', '蓝驰', '领投']"
102,地平线黄畅演讲：边缘 AI 计算发展趋势,"['地平线', '黄畅', '发展趋势', '演讲', 'ai', '算力', '数据中心', '实时性']"
103,数十万商品短视频排队盖戳  阿里推“视频指纹”技术保护商家,"['视频', '盖戳', '数十万', '阿里', '技术', 'ldquo', 'rdquo', '森女']"
104,CVPR 2019 | 腾讯AI Lab联合清华大学提出基于骨骼姿态估计的人体实例分割,"['lab', '清华大学', 'cvpr', '腾讯', '提出', 'ai', 'align']"
105,ICLR 2019论文解读：量化神经网络,"['量化', 'iclr', '神经网络', '论文', 'ste', 'sigma', '梯度']"
106,比宣传更夸张，秒杀18核i9！AMD新旗舰Ryzen 9跑分出炉,"['i9', '新旗舰', '跑分', 'amd', 'ryzen', '秒杀', 'zen']"
107,ACL 2019 接收论文榜单发布，我们做了可视化分析,"['榜单', 'acl', '可视化', '论文', '列表', 'student']"
108,真正的神经网络，敢于不学习权重,"['权重', '神经网络', 'wa', 'nn', '网络拓扑', '研究者', '拓扑', 'rollout']"
109,前谷歌员工解锁智能音箱新玩法：客房里的注意力商人,"['解锁', '前谷', '玩法', '智能', '机器之心', 'ota', '小犀', '犀动']"
110,是AI选了吴亦凡去当《中国有嘻哈》评委，我有什么办法,"['吴亦凡', '中国有嘻哈', '选了', 'ai', '选角', '爱奇艺', '孙斌', '选出']"
111,腾讯量子实验室发起 Alchemy 竞赛，推动分子性质的 AI 预测研发,"['alchemy', '量子', '竞赛', '预测', '腾讯', 'ai', '数据库', '化学']"
112,AR改变传统地理知识学习方式，而这只是AR应用场景的其中一个,"['ar', '改变传统', '地理知识', '应用', 'core', '胡罗舶', '京东', '线下']"
113,"坐上无人车在黑夜的中国高速上""飞驰""，竟然是这番感觉！| 独家","['感觉', '这番', '中国', '匝道', '车厂', '特斯拉', '前装', '纽劢']"
114,拥有解耦表征的无监督学习是不可能的！硬核ICML 2019最佳论文出炉,"['硬核', 'icml', '论文', 'df', 'arxivorg', 'disentangled', 'https']"
115,如何光明正大地学习KISS？当然是用这个DL接吻检测器了,"['检测器', 'kiss', 'dl', '电影', '视频', '二元', 'resnet', 'vggish']"
116,准备程序员面试？你需要了解这 14 种编程面试模式,"['面试', '程序员', '编程', '数组', '链表', 'heap', '节点']"
117,如何动手设计和构建推荐系统？看这里,"['推荐系统', '电影', '矩阵', 'movie1', 'movie2', '余弦', '单元格', 'py']"
118,自动探索特征组合，第四范式提出新方法AutoCross,"['autocross', '第四', '范式', '提出', '模型', 'ac', 'fm', '高阶']"
119,浅谈话题模型：LSA、PLSA、LDA,"['plsa', 'lda', 'lsa', '模型', 'lsquo', 'rsquo', '矩阵', '先验']"
120,爱奇艺短视频分类技术解析,"['视频分类', '爱奇艺', '技术', '模型', '分类', '视频', 'nbsp', '建模']"
121,NAACL 2019最佳论文：量子概率驱动的神经网络,"['量子', 'naacl', '神经网络', '论文', '向量', 'quot', '矩阵']"
122,CVPR 2019 | 旷视提出极轻量级年龄估计模型C3AE,"['c3ae', '旷视', 'cvpr', '模型', '提出', '卷积', '级联']"
123,人脸照片秒变艺术肖像画：清华大学提出APDrawingGAN CVPR 2019 oral paper,"['apdraw', '艺术', 'paper', '人脸', 'oral', 'gan', '清华大学', 'cvpr']"
124,有效距离1600米！智加科技发布全球领先的多目视觉立体感知技术,"['智加', '多目', '视觉', '科技', '技术', '感知']"
125,斯坦福教授自创编程语言造出全球「最快」网络芯片，如今要被英特尔收购,"['编程语言', '斯坦福', '造出', '收购', '英特尔', '芯片', 'barefoot', 'fr']"
126,首次亮相「芯端云」战略，华米下一代AI芯片在路上,"['华米', '芯端云', '芯片', 'ai', '黄汪', '黄山1号', '米动', '医疗']"
127,只要戴上这副眼镜，你也可以去歌神演唱会抓逃犯了,"['戴上', '歌神', '面部', 'tc', 'nn', 'vuzix', '这项', 'ifalcon']"
128,157亿美元，Salesforce全股票收购数据分析平台Tableau,"['salesforce', 'tableau', '数据分析', '收购', '平台', 'crm']"
129,一个Java方法能有多少个参数类型？这个好奇coder做了个实验,"['java', '参数', 'coder', 'fwrite', 'gt', '编译器', 'type', 'jvm']"
130,SIGGRAPH | 2D人体动作迁移与特征分解（附论文及代码链接）,"['2d', 'siggraph', '代码', '论文', '3d', 'retarget', 'clon', 'mixamo']"
131,售价5200元，性能远超i9：AMD发布16核7纳米Ryzen处理器,"['amd', '远超', '处理器', 'ryzen', 'i9', 'zen']"
132,剑指TensorFlow，PyTorch Hub官方模型库一行代码复现主流模型,"['hub', '模型库', '复现', 'pytorch', 'tensorflow', '模型', '代码', 'py']"
133,中国黑科技亮相俄罗斯，助力两国建交70周年,"['黑科技', '助力', '搜狗', '主播', 'ai', '塔斯社', 'ldquo']"
134,神经网络的可解释性，从经验主义到数学建模（一篇icml）,"['数学', '解释性', 'icml', '建模', '神经网络', '信息量', '评测', 'bert']"
135,2018WAIC「高光」时刻系列回顾: 人工智能需要「全世界联合起来」,"['全世界联合起来', 'waic', '人工智能', 'ai', '腾讯', 'ldquo', 'rdquo']"
136,“2019 上海智慧城市进万家”系列宣传活动首站在宝山启动,"['进万家', '智慧城市', '首站', '活动', '宝山区', '人工智能', 'ai']"
137,达观数据：Selenium使用技巧与机器人流程自动化实战,"['seleni', '自动化', 'um', '机器人', '数据', 'browser', 'param', 'name']"
138,NAACL 2019论文独特视角|纠正归因谬误：注意力没有解释模型,"['归因', 'naacl', '论文', '模型', 'attention', '相关性', '重要性']"
139,强烈推荐 | 飞桨最全面的工具组件详解,"['强烈推荐', '飞桨', 'paddlepaddle', '模型', 'autodl', 'visualdl', 'paddlehub', 'x2paddle']"
140,构建端到端数据科学项目，从我的Data Scientist Ideal Profiles项目中学习（附链接）,"['ideal', 'data', 'profiles', 'scientist', '数据科学', '端到端', 'matplotlib', 'py']"
141,Nullmax发布乘用车前装方案 自动驾驶商用更近一步,"['nullmax', '前装', '乘用车', '更近', 'max', '量产', '大规模', '徐雷']"
142,在现实世界遇见「擎天柱」，探访国内首家变形机器人公司,"['首家', '机器人', '乐森', '舵机', '乐森机器人', '陈小森', '星际特工t9', '芯片']"
143,无人驾驶需要怎样的传感器？,"['无人驾驶', '传感器', 'yole', 'pement', '车载', 'vel', '汽车']"
144,GLUE基准新突破：微软多任务模型首次超越自然语言人类基准,"['基准', 'glue', '任务模型', '自然语言', '微软', 'mt', 'nn', 'wnli']"
145,技术与伦理的博弈，医疗AI的B面隐忧如何解？,"['博弈', '伦理', '医疗', '技术', 'ai', '隐私', '人工智能', '偏见']"
146,Bert时代的创新：Bert在NLP各领域的应用进展,"['bert', 'nlp', '应用', 'qa', '摘要', 'transformer', '长文', '分类']"
147,文本也有攻防战：清华大学开源对抗样本必读论文列表,"['必读', '攻防战', '列表', '清华大学', '开源', '论文', 'adversarial', 'hlt']"
148,禁止与华为讨论技术标准？高通、英特尔3GPP上限制员工交流,"['技术标准', '3gpp', '高通', '英特尔', '华为', '5g', '美国', '非正式']"
149,"苹果要收购自动驾驶公司Drive.ai? 不,他们只想要""技术工程化""人才","['driveai', '工程化', '想要', '人才', '苹果', '收购', '技术', 'nbsp']"
150,对话创新工场陶宁：AI步入深水区下的投资逻辑,"['陶宁', '逻辑', '区下', '深水', '投资', 'ai', '大湾', '技术']"
151,SIGGRAPH | 多机器人协同三维场景重建,"['siggraph', '机器人', '最优', '主动式', '三维重建', '映射', '陈宝权', '近几年']"
152,IJCAI 2019 融合角色信息的多样性对话生成,"['多样性', 'ijcai', 'persona', 'nbsp', '记忆', '变分', '词表']"
153,基于TensorFlow Lite的移动端AR解决方案 SmileAR,"['ar', 'smile', 'lite', '解决方案', 'tensorflow', '关键点', '爱奇艺', '人脸']"
154,用算法可以买房，找女朋友，还能找幼儿园！,"['买房', '算法', '应聘者', 'ldquo', 'rdquo', '找对象', '开普勒']"
155,AI生成的假新闻难以识别，那就用神经网络来对抗吧,"['假新闻', '神经网络', 'ai', 'grover', 'mega', '生成器', '模型', '方差']"
156,构建AI前的数据准备，SQL要比Python强,"['sql', 'python', '数据', 'ai', 'json', 'timestamp', 'user', 'ce']"
157,如何构建一个硅脑？首先要有一块神经形态芯片,"['神经形态', '硅脑', '芯片', '神经元', '模拟', '突触', '人脑', 'modha']"
158,新手如何发布第一个Python项目开源包？这里有一份详细指南,"['第一个', 'python', '开源', 'scitime', 'py', 'setup', 'toubiana']"
159,终版API已定型，TensorFlow 2.0 Beta蜕变归来,"['beta', '终版', 'api', 'tensorflow', 'keras', 'test_images']"
160,深度学习模型大合集：GitHub趋势榜第一，两天斩获2000星,"['两天', '合集', 'github', '趋势', '深度学习', '模型', 'pytorch']"
161,拒绝重复造轮子！GitHub推出新功能repository templates,"['repository', 'templates', 'github', 'template', 'repo', 'utm', 'generate']"
162,机器人见多了，你见过机器船吗？MIT新版ROBOAT可以自动组装,"['roboat', '新版', 'mit', '机器人', '锁闭', '水上', 'apriltag', 'mateos']"
163,1+1＞2：MIT&IBM提出结合符号主义和连接主义的高效、准确新模型,"['ibm', 'mit', '提出', '模型', 'cl', 'ns', '视觉', '概念学习']"
164,2019高考编程卷：谷歌面试编程题及解题技巧（MIT版）,"['编程', '题及', '解题技巧', '面试', 'mit', '谷歌', '节点']"
165,Python并不完美，Swift正在成长为深度学习语言,"['sw', '语言', 'python', '深度学习', 'tensorflow', 'mlir', 's4tf', '编译器']"
166,这就是波士顿动力第一款商用产品「机器狗」Spot,"['spot', '波士顿', '动力', '机器狗', '第一款', '产品', '机器人', 'raibert']"
167,大幅减少训练迭代次数，提高泛化能力：IBM提出「新版Dropout」,"['泛化', '新版dropout', '迭代', 'ibm', '提出', 'dropout', 'sample', 'multi']"
168,手工计算神经网络第三期：数据读取与完成训练,"['读取', '第三期', '数据', '神经网络', 'grad', 'parameters', 'img']"
169,飞桨带你了解：基于百科类数据训练的 ELMo 中文预训练模型,"['elmo', '百科', '中文', '飞桨', '数据', '模型', 'ernie', 'embedding']"
170,吹响集结的号角：O'Reilly和Intel人工智能大会北京站在召唤！,"['reilly', '北京站', '吹响', 'tel', 'in', '人工智能', 'nbsp', 'ai']"
171,极链科技两次夺冠Google AI地标识别大赛，推动国内识别检索技术再进阶,"['地标', '极链', 'google', '两次', '进阶', '科技', '技术', 'ai']"
172,有趣！这是一篇玩倩女幽魂的多智能体强化学习研究,"['倩女幽魂', '智能体', 'mahhqn', 'mapqn', 'deep', 'hfo', '游戏', 'dqn']"
173,AMD停止授权中国x86新技术，「芯片国产化」路子怎么走？,"['x86', '芯片国产化', 'amd', '中国', '技术', 'risc', '海光', '指令集']"
174,关于大片人物特效少不了的人体姿态估计，这里有一份综述文章,"['人物', '综述', '自顶向下', '图源', '自底向上', 'openpose', '关键点', 'df']"
175,手机摇一摇测体积，2019菜鸟全球科技挑战赛助力智能物流,"['菜鸟', '挑战赛', '物流', '摇一摇测', '助力', '科技', '智能']"
176,深度学习来得太晚也太猛，对话2018年度图灵奖三位「大佬」,"['太晚', '三位', '来得', '太猛', '大佬', '图灵奖', '深度学习']"
177,燧原科技获新一轮融资3亿，加速产品落地进程,"['燧原', '新一轮', '产品', '落地', '融资', '科技', '云和', '芯片']"
178,刚刚，工信部颁发了国内首批5G商用牌照，华为：全力支持建好中国5G,"['5g', '工信部', '全力支持', '建好', '华为', '运营商', '组网', '英国']"
179,智能家居打响C端战役，如何让4.5亿家庭为智能买单？,"['智能家居', '智能', 'ldquo', 'rdquo', '服务化', '恐惧', '全屋智能']"
180,2018 WAIC「高光」时刻系列回顾：开篇,"['waic', '人工智能', 'ai', '参会', '赋能', '多位', '多人']"
181,超越BigGAN，DeepMind提出「史上最强非GAN生成器」VQ-VAE-2,"['vq', 'vae', 'big', '史上最强非gan生成器', 'gan', 'deep', '提出', '多样性']"
182,引用量、影响因子，这些指标正在拖累学术研究,"['学术研究', '期刊', '论文', '研究者', '一作', '德哈特', 'index', 'journal']"
183,百倍提升张量计算：谷歌开源TensorNetwork,"['tensornetwork', '张量', '谷歌', '开源', '阶数', '向量', '矩阵', '表示法']"
184,你见过火系的暴鲤龙吗？这个项目利用CycleGAN生成不同属性的神奇宝贝,"['暴鲤龙', 'cycle', 'gan', '火系', 'rarr', 'pokemon', 'riley', '凤王']"
185,MNIST的新生：测试集新增5万个样本，Yann LeCun推荐测试,"['测试', 'mnist', 'lecun', 'yann', '万个', '新增', 'qmnist', 'nist']"
186,创新工场完成25亿募资，人工智能工程院升级2.0版,"['工程院', '募资', '人工智能', '大湾', 'ai', '赋能']"
187,自然场景下的文字检测：从多方向迈向任意形状,"['迈向', 'text', 'mask', 'textboxes', '旷视', 'icd', 'box', 'cnn']"
188,世界环境日：我们如何利用人工智能拯救地球？,"['人工智能', 'climate', 'environment', 'he', 'forest', 'work', 'their', 'planet']"
189,为了解密数据中台，数澜竟邀十万人围观？你还不来抢个前排？,"['数据中台', '数澜', '不来', '十万人', '抢个', '前排', '竟邀', '数栖大会']"
190,英特尔AI芯片业务的现状与未来,"['英特尔', '芯片', 'ai', '光子', 'wierzynski', 'ger', '光学', 'fpga']"
191,瓜子大数据架构首曝光：掩藏在“二手车”背后的技术思考,"['瓜子', '大数据', '技术', '平台', '数据', '数据仓库', '彭超', 'fl']"
192,拒绝遗忘：高效的动态规划算法,"['规划', '算法', '递归', 'tabulation', 'memoization', '自上而下', '斐波', 'erickson']"
193,ICML 2019 | 强化学习用于推荐系统，蚂蚁金服提出生成对抗用户模型,"['金服', '推荐系统', 'icml', '模型', '提出', 'gan', 'rl']"
194,百行代码变十行，苹果SwiftUI可视化编程让开发者惊呼完美,"['sw', 'tui', '百行', '十行', '开发者', '苹果', '编程', '可视化']"
195,智慧城市长文综述：展望未来城市，万物皆可运营,"['城市', '长文', '展望未来', '智慧城市', '综述', '数据', '政府', '平台']"
196,面对危机再次出手! 华为耗资5千万美金买下俄罗斯人脸识别公司,"['买下', '人脸识别', '华为', 'vocord', '安防', '技术', '中国安防', '收购']"
197,一文带你速览分层注意力网络在文本分类中的应用,"['速览', '分类', '应用', 'gru', '权重', '模型', 'lstm', 'good']"
198,ACL 2019 | 基于知识增强的语言表示模型，多项NLP任务表现超越BERT,"['bert', 'acl', '语言', 'nlp', '模型', '图谱', 'encoder']"
199,IWC2019 Workshop诚邀您的参与,"['iwc', 'worksh', 'op', 'mdash', '报告']"
200,轻量级神经网络：ShuffleNetV2解读,"['shufflenetv2', '神经网络', '卷积', 'flops', '分组', 'c2', 'c1', 'channel']"
201,第四期知识与认知图谱：神经机器翻译也应该嵌入「知识」,"['机器翻译', '第四期', '图谱', 'nmt', '异质', '刘洋', '深度学习', '清华大学']"
202,PointNet系列论文解读,"['po', 'net', 'int', '论文', '点云', '数据', '3d', '2d']"
203,清华张钹院士、人大文继荣院长领衔，论道AI安全与伦理,"['文继荣', '张钹', '伦理', '清华', 'ai', '人工智能', '杨田', '公共利益']"
204,前瞻研究：工业制造领域人工智能发展与趋势 | 智周报告核心版,"['工业', '核心版', '趋势', '人工智能', '技术', '深度版', '传感器', '智周']"
205,医疗机器人的临床价值≠商业价值、创新≠创业，关于产业转化，这些值得思考,"['商业价值', '机器人', '产业', '医疗', '医院', '达芬奇', '王田苗', '天智航']"
206,亚马逊、谷歌、苹果、微软以及BAT，这半年在医疗领域干了点什么,"['半年', '亚马逊', '苹果', 'bat', '医疗', '微软', '谷歌', 'alexa']"
207,别想着机器杀手满地跑了，人工智能真正的危险比这隐秘得多,"['满地跑', '想着', '人工智能', '偏见', '小图', 'ai', 'pixabay', '机器人']"
208,集多种半监督学习范式为一体，谷歌新研究提出新型半监督方法 MixMatch,"['xmat', 'mi', 'ch', '范式', '谷歌', '提出', '数据', '错误率']"
209,全球首个AI与金标准对比多中心研究发布，或将成为医疗AI验证规范,"['ai', '首个', '医疗', '冠脉', '数坤', 'cta', 'dsa', '医院']"
210,找不到合适的数据？这里有281个计算机视觉数据集任你选,"['数据', '不到', '任你选', '计算机', '视觉', 'visualdata', '据集']"
211,如何入手卷积神经网络,"['卷积', '神经网络', 'csv', 'imagenet', 'py', 'test', 'train']"
212,IEEE最新声明：解除对华为编辑和同行评审活动的限制,"['ieee', '对华', '活动', '最新', '学术交流', '发表声明', '科学', '华为']"
213,万字综述，核心开发者全面解读PyTorch内部机制,"['万字', '开发者', 'pytorch', '综述', '张量', '步幅', '调度', '代码']"
214,人工智能时代如何高效发掘数据库的价值？NL2SQL值得你关注,"['nl2sql', '数据库', '人工智能', 'sql', '数据', '查询', 'wikisql', '自然语言']"
215,解读目标检测新范式：Segmentations is All You Need,"['segmentations', 'you', 'all', 'need', '范式', 'nms', 'anchor', '复杂遮挡']"
216,智能体张量融合，一种保持空间结构信息的轨迹预测方法,"['智能体', '空间结构', '张量', '预测', 'matf', 'agent', '向量', 'lstm']"
217,CVPR声明力挺华为：同属IEEE，论文评审、参加会议无限制,"['力挺', '同属', 'ieee', '会议', 'cvpr', '华为', '论文', 'ccf']"
218,GitHub趋势榜第二名：解析、对比不同编程语言的Semantic库,"['semantic', '第二名', '编程语言', 'github', '趋势', 'json', 'graph', 'put']"
219,3天上手，30天精通！—— 深度学习FPGA加速器设计,"['fpga', '深度学习', 'hls', 'pragma', '卷积', 'iteration', 'xil']"
220,DeepMind游戏AI登上Science：雷神之锤多智能体合作，超越人类玩家,"['智能体', '雷神之锤', '游戏', 'science', '玩家', '登上', 'deep', 'ai']"
221,将文本转语音速度提高38倍，这个FastSpeech真的很fast,"['fastspeech', '真的', 'fast', '梅尔', '音素', 'tts', '持续时间']"
222,揭秘美图影像实验室MTlab的10000点人脸关键点技术,"['mtlab', '美图', '关键点', '人脸', '技术', '3dmm', '3d']"
223,微软亚洲研究院（上海）和微软-仪电人工智能创新院在沪揭牌，打造上海人工智能创新引擎和生态,"['微软', '人工智能', '仪电', '上海市', '徐汇区', '洪小文', '亚太', '副总裁']"
224,十年空缺一朝回归，百度正式任命王海峰出任CTO,"['海峰', 'cto', '回归', '百度', '技术', 'aig', '副总裁', 'acl']"
225,每类13张标注图就可从头学分类器，DeepMind新半监督模型超越AlexNet,"['alexnet', '每类', '新半', '分类器', 'deep', '模型', 'cpc']"
226,中国计算机学会CCF宣布中止与IEEE旗下组织合作,"['ccf', '中国计算机学会', '旗下', 'ieee', 'comsoc', '杜子德', 'technical', '暂时中止']"
227,MIT发明AI触觉手套：既能识别物体，又能称重，论文已上Nature,"['已上', '称重', 'nature', 'mit', '论文', 'ai', '抓握', 'stag']"
228,推理速度提升5.1倍，参数减少88%：谷歌提出新型CNN网络EfficientNet（附代码）,"['efficientnet', '参数', 'cnn', '推理', '谷歌', '代码']"
229,华人小伙瑞士创业，打造类脑芯片，要将功耗降低千倍！,"['类脑', '功耗', '小伙', '千倍', '瑞士', '芯片', '乔宁', 'aictx']"
230,全国首个人工智能创新应用先导区上海启动建设,"['首个', '应用', '人工智能', '产业', '贺仁龙', '浦东', '我国', '长三角']"
231,全国最大规模商用服务机器人生产线落成：2020年产能将达万台以上,"['产能', '万台', '大规模', '机器人', '高仙', 'ecobot', 'scrubber']"
232,用Numpy搭建神经网络第二期：梯度下降法的实现,"['梯度', '第二期', 'py', 'um', '实现', '神经网络', 'xmat', 'mat']"
233,SQL on Hadoop在快手大数据平台的实践与优化,"['sql', 'ha', '快手', 'do', '优化', 'op', '大数据', '平台']"
234,CVPR 2019 IIAI 目标计数,"['ii', 'cvpr', 'ai', 'trellis', '密度估计', 'density', 'loss']"
235,专访《时代周刊》风云人物：AI研发新药，我要提醒这几点,"['时代周刊', '我要', '几点', '专访', 'ai', '科勒', 'sitro', 'nash']"
236,DGL 作者答疑！关于 DGL 你想知道的都在这里,"['dgl', '节点', 'transformer', 'nbsp', '消息传递', '框架', 'message', '神经网络']"
237,开放数据不一定是好事儿？十大医学领域人工智能的争议性观点,"['观点', '争议性', '好事儿', '十大', '数据', '人工智能', '拟合', '卢克']"
238,这所让华为砸钱，被苹果自动驾驶频繁挖人的学校，应该被你所熟知,"['挖人', '苹果', '华为', 'eth', 'fr', '瑞士', '无人机', '技术']"
239,抛三大领域9款新品 百度智能云重拳出击边缘智能,"['智能', '重拳出击', '抛三大', '新品', '百度', 'abc', 'bie', '地图']"
240,一文教你如何处理不平衡数据集（附代码）,"['数据', '代码', 'nbsp', 'gclass', 'df', 'credit', 'fraud', 'class']"
241,如何引诱分类器犯错？南大周志华等提出用自编码器生成恶意训练数据,"['分类器', '编码器', '犯错', '周志华', '南大', '数据', '提出', 'theta']"
242,如何用OpenCV在Python中实现人脸检测,"['opencv', '人脸', '实现', 'python', 'frame', 'gray', 'rect']"
243,现实版「柯南变声器」来了，搜狗变声让你声音随心变,"['搜狗', '随心变', '柯南变声器', '陈伟', '输入法', '向量', '声纹', '模型']"
244,基于多任务学习的智能客服下文检测方法,"['客服', '多任务', '智能', 'nbsp', '向量', 'attention', 'xse', '模型']"
245,IEEE官方确认限制华为审稿：为保护会员，必须遵守美国法规,"['ieee', '美国', '华为', '期刊', '会议', 'ear', '实体名单', '美国政府']"
246,人工智能要普及，这一步必须要先行！,"['人工智能', '创达', '中科', '开发者', 'kit', '端侧', 'ai', '杨宇欣']"
247,百度大脑生态合作计划及AI市场发布会召开，升级「平台+生态」全新模式,"['生态', '平台', '百度', 'ai', 'ldquo', 'rdquo', '合作伙伴', '卖出去']"
248,解构腾讯产业互联网独门心法：「让火车与坦克接轨」,"['心法', '让火车与坦克接轨', '产业互联网', '腾讯', '智慧零售', '互联网', '优图', '腾讯云']"
249,目标检测精读 | SNIP：解决“尺度不变性”,"['sn', '不变性', 'ip', 'times', 'scale', 'tra', 'stage']"
250,面向NLP场景应用的智能辅助建模（五）特色与优势,"['建模', 'nlp', '应用', '智能', '业务人员', '模型', '复用', 'ec']"
251,第四次工业革命——2019中国极客的一次科技盛会,"['第四次', '工业革命', '极客', '科技', 'dorahacks', '黑客', '本次']"
252,极大提升合成速度，百度提出首个全并行语音合成模型ParaNet,"['paranet', '首个', '百度', '提出', '模型', '回归', '非自', 'iaf']"
253,结合符号主义和深度学习，DeepMind提出新型端到端神经网络架构 PrediNet,"['predinet', '端到端', 'deep', '深度学习', '神经网络', '提出', '此类', '单任务']"
254,从相机标定到SLAM，极简三维视觉六小时课程视频（附PPT）,"['slam', '课程', '六小时', '极简', 'ppt', '视频', '视觉', '谭平']"
255,像操纵机甲一样控制机器人：MIT「铁甲钢拳」Hermes,"['mes', '机甲', 'her', '铁甲钢拳', '机器人', 'mit', 'hermes', '操纵者']"
256,百度联合主办OCR领域顶级AI竞赛ICDAR 2019，上百支精英团队挑战超高难度文字识别,"['icd', 'ocr', '百支', '高难度', '竞赛', 'ar', '百度']"
257,临床医生的实际痛点如何解，AI准备好了吗？,"['好了吗', '痛点', 'ai', '动脉瘤', '医联', '产品', '医院', '男孩']"
258,Facebook AI Research的XLM模型：将BERT扩展成跨语言模型,"['模型', 'xlm', '成跨', 'facebook', '语言', 'research', 'bert', 'ai']"
259,【预告】『医学影像与人工智能』讲习班开始报名,"['医学影像', '报名', '讲习班', '人工智能', '斑块', '磁共振', '生物医学', '杨光']"
260,使用Intel Analytics Zoo增强腾讯TUSI身份识别的实践,"['analytics', 'zoo', 'tusi', 'tel', 'in', '腾讯', 'mac', 'spark']"
261,神经架构搜索方法知多少,"['知多少', 'cell', 'et', 'al', '优化', 'based', 'nasnet']"
262,ARM推出下一代旗舰芯片架构，GPU提升60%，「NPU」即将上线,"['npu', '芯片架构', 'gpu', 'ar', 'arm', 'a77', 'a76']"
263,性能碾压，价格仅为英特尔一半：AMD推出全新Ryzen旗舰处理器,"['ryzen', '仅为', '碾压', '处理器', 'amd', '英特尔', '3900x', '3700x']"
264,如何用PaddlePaddle实现机器翻译？,"['机器翻译', 'paddlepaddle', '实现', 'array', '源语言', 'scores', '隐层']"
265,2019自然语言处理前沿论坛：聚焦机器「读、写、说、译」，探寻NLP未来之路,"['之路', '自然语言', '论坛', 'nlp', '百度', 'ldquo', 'rdquo']"
266,一文读懂深度学习：从神经元到BERT,"['神经元', '读懂', 'bert', '深度学习', 'lstm', 'attention', 'transformer', 'token']"
267,能独当一面的家用机器人，什么时候才会出现？,"['机器人', '杰森一家', 'gbot', 'toss', '模拟', 'flip', 'mdash', 'simopt']"
268,图卷积在基于骨架的动作识别中的应用,"['卷积', '应用', 'graph', 'temporal', 'skeleton', 'ntu', 'recognition', 'action']"
269,专访院士张钹：AI奇迹难再现，深度学习技术潜力已近天花板,"['张钹', '已近', '专访', '深度学习', '技术', 'ai', '人工智能', '围棋']"
270,Keep技术开放日：运动领域的AI+IoT 可以怎么玩？,"['keep', '开放日', 'iot', '技术', 'ai', '手环', '关键点', '刘煦']"
271,CVPR 2019 | PoolNet：基于池化技术的显著性目标检测,"['显著性', 'poolnet', '池化', 'cvpr', '技术', 'ggm', 'fam']"
272,深度学习框架PyTorch为何值得学,"['pytorch', '框架', '深度学习', 'py', 'tensorflow', 'python', 'facebook', 'caffe2']"
273,吴恩达深度学习课最新补充教程：交互式demo助你轻松理解神经网络初始化,"['初始化', 'demo', '吴恩达', '交互式', '教程', '最新', '深度学习', '神经网络']"
274,秒杀高精地图？MIT&丰田称仅靠简单地图和视觉就可让无人车适应新环境,"['地图', '丰田', '仅靠', '高精', '秒杀', '视觉', 'mit', '汽车']"
275,北大获中国首个WWW大会最佳论文奖，提出ELSA跨语言情感分析模型,"['www', '跨语', '获中国', '分析模型', 'lsa', '北大', '首个', '论文']"
276,如何用Paddle Fluid API搭建一个简单的神经网络？这里有一份编程指南,"['fluid', 'paddle', 'api', '编程', '神经网络', 'layer', 'quot']"
277,前瞻研究：餐饮酒店行业人工智能发展与趋势 | 智周报告核心版,"['核心版', '趋势', '人工智能', '技术', 'fr', '无人化', '落地', '机器人']"
278,任正非：这不是华为最危险的时候，而是最佳状态,"['任正非', '华为', '美国', '抓起', '教育', '操作系统', '芯片', '对华']"
279,一文带你了解卷积神经网络CNN的发展史,"['发展史', 'cnn', '卷积', '神经网络', 'hubel', 'wiesel', '何凯明', 'faster']"
280,「无中生有」的AI，除了换脸，也有正规用途,"['换脸', 'ai', '视频', '广告', '影谱', 'video', '科技', '技术']"
281,将智能「赠予」消费者，医疗AI离C端支付还有多远？,"['消费者', '多远', '医疗', '智能', 'ai', '医院', '人工智能', '健海']"
282,大陆唯一晋级全球决赛团队: 比硬核AI更重要的是你的商业模式 | 独家,"['商业模式', '硬核', 'ai', '法律', '潘悦', '区块', '比赛', '公共服务']"
283,科大讯飞也推AI智能硬件，K12「知识图谱型」AI教育「真香」？,"['教育', '知识图谱型', '真香', '科大', '硬件', 'ai', '智能']"
284,ACL 2019 | 清华等提出ERNIE：知识图谱结合BERT才是「有文化」的语言模型,"['ernie', '图谱', '语言', 'bert', 'acl', '清华', '模型', '提出']"
285,一次发布有多个发行版，为什么Python发行包会这么难？,"['发行版', '多个', '包会', 'python', 'pypi', 'ary', 'wheels', '布下']"
286,手把手教你将矩阵画成张量网络图,"['矩阵', '网络图', '画成', '张量', '节点', '向量', '索引', '字符串']"
287,读博熬不住了，拿个硕士学位投身业界如何？看过来人怎么说,"['读博', '硕士学位', '熬不住', '拿个', 'ta', '博士', 'phd', '工作']"
288,《人工智能北京共识》正式发布  北京智源人工智能研究院人工智能伦理与安全研究中心在京揭牌,"['人工智能', '智源', '人工智能北京共识', '伦理', '许强', '北京市', '科学技术委员会', '曾毅']"
289,UIUC联合IBM、Inspirit IoT推出最新DNN/FPGA协同设计方案，助力物联网终端设备AI应用,"['fpga', '终端设备', 'uiuc', 'nn', '设计方案', 'spirit', 'iot', 'ibm']"
290,「最好的语言」PHP在2019年：缺点还有，但会变得更好,"['php', '但会', '变得', '最好的语言', '更好', '语言', '框架']"
291,挑战目标跟踪算法极限，商汤开源SiamRPN系列算法解读,"['算法', 'siamrpn', '商汤', '开源', 'dasiamrpn', 'eccv', 'quot', 'siamese']"
292,「每章都能当做一篇博士论文」：闫令琪获SIGGRAPH 2019最佳博士论文奖,"['闫令琪', '每章都能当做一篇博士论文', '博士论文', 'siggraph', '蒙特卡洛', '图形学', '论文']"
293,面向NLP场景应用的智能辅助建模（四）本体表达式发现,"['表达式', '建模', 'nlp', '应用', '智能', 'ldquo', 'rdquo', '业务人员']"
294,腾讯AI Lab推进医疗全流程覆盖：辅诊导诊精度再升级、布局三类病理AI研究,"['辅诊', 'ai', '三类', '精度', 'lab', '医疗', '腾讯', '准确率']"
295,刷新WIDER Face多项记录！创新奇智提出高性能精确人脸检测算法,"['face', 'wider', '奇智', '高性能', '人脸', '算法', '提出', 'anchor']"
296,人脸检测榜单WIDER FACE最新排名：创新奇智AInnoFace算法夺冠,"['face', '奇智', 'wider', '排名', 'no', '人脸', '榜单', '算法']"
297,基于文档门控制器的开放域问答,"['控制器', '问答', '模型', '归一化', '自举', '门控', '偏置', '数据']"
298,Synergy Research报告：BAT牢牢占据中国云计算市场第一阵营,"['中国云', 'synergy', 'research', '报告', 'bat', '百度', '智能', '视频']"
299,GitHub推出「打赏」功能，全球最大同性交友平台将迎来更多开源工作？,"['打赏', '交友平台', '迎来', '工作', 'github', '开源', 'sponsor', '开发者']"
300,南大周志华、俞扬、钱超最新力作：《演化学习：理论与算法进展》正式上线,"['俞扬', '钱超', '理论', '周志华', '南大', '算法', '最新', 'ea']"
301,四两拨千斤：130公斤四足机器人拖动3吨重飞机,"['四足', '吨重', '四两拨千斤', '拖动', '机器人', 'hyqreal', 'iit']"
302,投稿也要抢：NeurIPS 2019论文投稿截止，服务器宕机，你投上了吗？,"['neur', '宕机', '投上', 'ip', '论文', 'dead', 'larochelle']"
303,出门问问发布AI儿童手表TicWatch Kids,"['儿童', '问问', 'ticwatch', 'ids', 'ai', '智能', '全栈', '双频']"
304,科大讯飞的To C 能走多远?,"['to', '科大', '翻译机', '产品', '消费者', 'bg', '总营收', 'nuance']"
305,10个数据科学家常犯的编程错误（附解决方案）,"['数据科学', '解决方案', '编程', 'data', 'py', 'd6t', 'csv']"
306,解码癌症，人工智能如何超越医生？,"['癌症', '人工智能', '进化树', '生存期', '博士', 'fman', 'snyder', 'cancer']"
307,告别低分辨率网络，微软提出高分辨率深度神经网络HRNet,"['高分辨率', 'hrnet', '低分辨率', '深度', '微软', '神经网络', '提出', '卷积']"
308,ARM停止授权，华为迎来最严峻挑战，任正非：投资千亿打造全球最强信息产业,"['最强', '信息产业', '千亿', '迎来', 'ar', '任正非', '投资', '华为']"
309,ICRA 2019最佳论文公布：斯坦福大学李飞飞组获奖,"['icra', '斯坦福大学', '飞组', '李飞', '论文', '模态', 'tactile']"
310,蒙娜丽莎.gif：三星新研究用一张图像合成动图，无需3D建模,"['蒙娜丽莎', '动图', '三星', '3d', '建模', 'landmark', 'shot', 'few']"
311,2.7亿份阅片、470万次导诊，腾讯已经切入医疗核心,"['万次', '阅片', '亿份', '腾讯', '医疗', '医院']"
312,每个开发者都应该了解的一些C++特性,"['开发者', 'lambda', 'constexpr', 'auto', 'tuple', 'quot', 'std', '作用域']"
313,清华大学和微软研究院联合发布的“开放学术图谱（OAG）2.0版本”数据完善,"['oag', '图谱', '清华大学', '微软', '数据', '论文', 'am']"
314,前瞻研究：电商领域人工智能发展与趋势 | 智周报告核心版,"['电商', '核心版', '趋势', '人工智能', '技术', '搜图', '以图', '平台']"
315,"HBO新剧《切尔诺贝利》的大火, 再次确认了工业机器人的存在意义","['切尔诺贝利', 'hbo', '大火', '新剧', '工业', '机器人', '这部', '事故']"
316,更胜一筹！早期诊断肺癌，这款AI已超越人类医生！,"['更胜一筹', '这款', '肺癌', 'ai', 'ct', 'lung', 'cancer', '放射科']"
317,百度10篇论文被自然语言处理顶级会议ACL 2019录用,"['自然语言', 'acl', '会议', '百度', '论文', '摘要']"
318,kaggle季军新手笔记：利用fast.ai对油棕人工林图像进行快速分类（附代码）,"['fastai', '人工林', 'kaggle', '分类', '代码', 'nbsp', 'auc']"
319,腾讯推出“妲己”智能机器人 启动IP机器人合作计划,"['机器人', '妲己', 'ip', '腾讯', '智能', 'fr', '游戏', '合作部']"
320,Rokid上线TTS语音开放平台 用户可在线体验多款角色语音合成效果,"['rokid', 'tts', '多款', '开放平台', '合作伙伴', '猪猪', '技术支持', '中英文']"
321,五大重磅升级，腾讯云AI携手合作伙伴共建产业互联网,"['腾讯云', '合作伙伴', '五大', '产业互联网', 'ai', '大数据', '王龙', '落地']"
322,腾讯优图贾佳亚：AI进入产业应用时代，计算机视觉技术应用呈现三大趋势,"['应用', '贾佳亚', '优图', '三大', '计算机', '视觉', '腾讯', '产业']"
323,人工智能改变游戏未来？网易伏羲AI Lab展示游戏开发黑科技,"['游戏', '伏羲', '网易', 'lab', '黑科技', '人工智能', 'ai', '李仁杰']"
324,UC伯克利造出会「轻功」的机器人，飞檐走壁，一条腿跳遍天下,"['uc', '轻功', '跳遍', '伯克利', '造出', '机器人', 'salto', 'yim']"
325,我这个人不懂什么CPU，于是我用代码模拟出了一个,"['cpu', '模拟出', '我用', '代码', '寄存器', 'scott', '计算机', '编写程序']"
326,清华AI研究院里程碑事件：成立「智能人机交互研究中心」，发布四大开放平台,"['智能人机交互研究中心', '四大', '开放平台', '清华', 'ai', '清华大学', '数据库', '智能']"
327,Pythia：Facebook最新开源的视觉、语言多任务学习框架,"['pythia', '多任务', 'facebook', '框架', '语言', '视觉', '最新', '开源']"
328,腾讯公布医疗健康业务成绩单，七大新科技助力智慧医疗,"['七大新', '智慧医疗', '成绩单', '助力', '医疗', '腾讯', '科技', 'ai']"
329,智能问答助手、3D可视化展示，腾讯医典“黑科技”助力科普更有温度,"['医典', '问答', '黑科技', '3d', '可视化', '助力', '腾讯', '智能']"
330,CVPR 2019 | 告别低分辨率网络，微软提出高分辨率深度神经网络HRNet,"['高分辨率', 'hrnet', '低分辨率', '深度', '微软', 'cvpr', '神经网络', '提出']"
331,GIL 已经被杀死了么？,"['gil', '杀死', '解释器', 'channel_id', 'int', 'cpython', 'erpreters', 'erpreterschannel']"
332,复旦大学邱锡鹏教授：词法、句法分析研究进展综述,"['句法分析', '研究进展', '邱锡鹏', '复旦大学', '综述', '分词', '中文', '模型']"
333,图卷积实战——文本分类,"['分类', '卷积', 'p_ij', 'self', 'gcn', 'df', 'tfi', 'quot']"
334,PaddlePaddle实战 | 情感分析算法从原理到实战全解,"['全解', 'paddlepaddle', '算法', 'dim', 'quot', 'lstm', 'fluid']"
335,机器学习和深度学习中值得弄清楚的一些问题,"['弄清楚', '深度学习', '正则', '梯度', '回归', '化项', '矩阵', '抽样误差']"
336,CVPR2019 Oral | SWF：边窗滤波，一篇非深度学习的论文,"['边窗', 'swf', 'oral', 'cvpr', '深度学习', '论文', 'side']"
337,"图森未来与美国邮政达成合作,为其提供无人驾驶运输服务","['图森', '无人驾驶', '美国', '亚利桑那州', '德克萨斯州', '卡车', '这条', '商业化']"
338,斯坦福后空翻机器人设计、代码全开源，成本降至3000美元，人人皆可DIY,"['全开', '降至', 'diy', '斯坦福', '机器人', '代码', 'doggo']"
339,寒武纪分形冯诺依曼机器学习计算机如何提高编程效率？,"['依曼', '冯诺', '分形', '寒武纪', '编程', '计算机']"
340,神奇的推荐系统：用得好，销量倍增,"['推荐系统', 'netflix', '亚马逊', '触摸巅峰', '数据', '电影', '预测', '新颖性']"
341,谷歌新模型提升肺癌筛查率：相关研究登上Nature Medicine,"['肺癌', '筛查', 'medic', 'nature', '登上', '谷歌', '模型', 'ct']"
342,任正非回应一切：美国政客的做法低估了我们的力量,"['任正非', '美国', '华为', '5g', '安卓', '谷歌', '临时许可']"
343,动量迭代式对抗噪声生成方法 | VALSE2018年度杰出学生论文奖,"['动量', 'valse', '迭代', '论文', '攻击', '白盒', '黑盒']"
344,IDC发布2018年中国AI基础架构市场报告：浪潮第一，16卡GPU服务器销售激增,"['基础架构', 'gpu', '浪潮', 'idc', '市场报', '销售', '中国']"
345,互联网下半场：腾讯亮出首份产业互联网成绩单,"['互联网', '亮出', '首份', '产业互联网', '成绩单', '腾讯', '中台', '刘炽平']"
346,距离AI风口1000公里的生死时速,"['生死时速', 'ai', '光谷', '汉正街', '老王', '电脑城', '城市']"
347,从疾病筛查到临床治疗，图玛深维打造肺癌智能诊疗闭环,"['图玛', '深维', '肺癌', '筛查', '闭环', '智能', '医疗', '李钟']"
348,教你使用简单神经网络和LSTM进行时间序列预测（附代码）,"['lstm', '序列', '预测', '代码', '神经网络', 'test', 'nn']"
349,创意、效率、协同，集智于库 | 小库在京发布新品,"['小库', '集智于', '新品', '楼型', '地块', 'koolplan', '科技', '柏涛']"
350,漂亮！商汤EDVR算法获NTIRE 2019 视频恢复比赛全部四项冠军，代码将开源！,"['edvr', '比赛', 'ntire', '视频', '商汤', '算法', '开源', '代码']"
351,CVPR 2019 Oral 亮风台提出端到端投影光学补偿算法，代码已开源,"['光学', '亮风台', 'oral', '端到端', '算法', 'cvpr', '开源', '代码']"
352,前瞻研究：零售行业人工智能发展与趋势 | 智周报告核心版,"['核心版', '趋势', '人工智能', '新型零售', '技术', '京东', '消费者', '供应链']"
353,AI芯片最重要的是什么？Arm中国：背后的软件生态,"['arm', '最重', '中国', '芯片', 'ai', '周易', 'pu', 'teng']"
354,构建手机新护城河 华为IoT业务大提速,"['大提速', 'iot', '华为', 'hil', '美的', '云云对接', '平台', '智能家居']"
355,使用Python的OpenAI Gym对Deep Q-Learning的实操介绍（附学习资源）,"['learn', 'gym', '资源', '实操', 'openai', 'deep', 'python', '游戏']"
356,数据堂开源1505小时中文普通话语音数据集,"['数据', '中文', '开源', 'gmm', 'hmm', 'kaldi', 'openslr']"
357,家庭医生签约进入深水区，智慧家医模式实践能否撬动千亿级市场？,"['家庭医生', '撬动', '家医', '千亿', '深水', '全科', '公共卫生', '医疗']"
358,在12家科技创业公司工作后，这是我的8条经验,"['工作', '科技', '产品', '数据', 'ai', '数据科学', 'daniel']"
359,清华大学和京东发表于KDD 2019的全新强化学习框架FeedRec,"['feedrec', '京东', 'kdd', '清华大学', '框架', 'user', 'engagement']"
360,图灵奖得主、AI先驱Raj Reddy：告别996，人工智能让人类每天只工作一个小时,"['dy', 'raj', 'red', '工作', '图灵奖', '人工智能', 'ai']"
361,华为安卓「牌照」被禁：谷歌停止与华为业务往来,"['华为', '安卓', '被禁', '谷歌', '美国', '特朗普', '芯片', '政府']"
362,OpML 2019提前看：模型表现预测与分布式机器学习,"['分布式', 'opml', '预测', '模型', 'mpp', '算法', 'tony']"
363,检出率达95.78%！一致性出色！武汉协和医院披露结节AI临床试验结果,"['检出率', '一致性', '武汉协和医院', '临床试验', 'ai', '检出', '服务中心']"
364,这家腾讯投资的竞技机器人让你用体感操控实体「王者荣耀」英雄,"['王者荣耀', '体感', '投资', '机器人', '腾讯', '招俊健', 'ker', '机器之心']"
365,耐能AI芯片终面世，打的什么算盘？,"['耐能', '芯片', 'ai', 'kl5', '刘峻诚', '3d', '智能', '算力']"
366,在线教育与智慧学习中国峰会2019将于6月在沪召开！,"['在线教育', '教育', '科技', '风投', '企业', '中国']"
367,Hinton等人新研究：如何更好地测量神经网络表示相似性,"['相似性', '更好', 'int', '神经网络', 'cka', 'cca', '不变性', 'cif']"
368,280万分割掩码，谷歌Open Images数据集再更新,"['掩码', 'open', 'es', 'mag', '集再', '谷歌', '数据']"
369,清华成立人工智能学堂班：姚期智任首席教授，9月开招本科生,"['姚期智', '人工智能学堂班', '开招', '清华', '清华大学', '人工智能', '智班', '量子']"
370,Python 2.7终结于7个月后，这是你需要了解的3.X炫酷新特性,"['3x', '炫酷', 'python', 'armor', 'py', 'quot']"
371,语音版deepfake出现：从文本到逼真人声，被模仿者高呼真得可怕,"['语音版', 'deepfake', '模仿者', '人声', '高呼', 'dessa', 'rogan', 'joe']"
372,琼恩·雪诺和龙母的孩子会长啥样？让StyleGAN告诉你,"['style', '琼恩', '啥样', '雪诺', '和龙', 'gan', '生成器', '向量']"
373,Dropout的前世与今生,"['dr', 'out', 'op', '掩膜', '神经元', '权值', '提出', '变分']"
374,资金只够支撑10个月，自动驾驶致命事故重演：特斯拉陷入困境,"['特斯拉', '事故', '只够', '陷入困境', '马斯克', 'model', 'aut']"
375,TensorFlow什么的都弱爆了，强者只用Numpy搭建神经网络,"['只用', 'py', 'um', 'tensorflow', '神经网络', 'ensions', 'parameters', 'dist']"
376,优必选与腾讯云达成战略合作，携手共建人工智能产业生态,"['优必选', '腾讯云', '产业', '人工智能', '腾讯', '副总裁', '机器人', '周剑']"
377,微软小冰在中央美院「毕业」，即将开启个人画展,"['小冰', '中央美院', '微软', '画作', '人工智能', '艺术', '元春', '李笛']"
378,第三届世界智能大会举办，禾多科技驶上宁静高速,"['第三届', '驶上', '科技', '智能', 'holopilot', '倪凯', '量产', '线束']"
379,Pywick：追求功能完备的PyTorch高级训练库,"['pywick', 'pytorch', 'achai', 'regularizers', 'cons', 'backs', '源地址', 'ah']"
380,亮风台CVPR 2019 oral 论文：端到端的投影仪光学补偿,"['光学', '亮风台', 'oral', '端到端', 'cvpr', '论文', 'compennet']"
381,百度一季度净亏损超3亿元，搜索公司总裁向海龙即日辞职,"['海龙', '公司总裁', '净亏损', '一季度', '百度', '去年同期', '李彦宏']"
382,天生一对，硬核微分方程与深度学习的「联姻」之路,"['微分方程', '天生一对', '硬核', '深度学习', '董彬', 'odesolver', '欧拉', 'odenet']"
383,十四年的NYU教学精华，开放书《机器学习基础》第二版可以下载啦,"['机器学习基础', 'nyu', '十四年', '本书', 'mohri', 'mehryar', '书籍', '课程']"
384,践行科技向善，腾讯优图发布AI手语翻译机,"['翻译机', '科技向善', '优图', '腾讯', 'ai', '听障', '信息无障碍', '词级']"
385,批归一化和Dropout不能共存？这篇研究说可以,"['归一化', 'dr', 'out', '这篇', 'op', 'ic', 'batchnorm', 'cif']"
386,手把手教你从有限的数据样本中发掘价值（附代码）,"['代码', '数据', 'nbsp', 'tags', 'tokens', 'disclosed', 'ion', 'format']"
387,辉瑞、BMS、阿斯利康等大型医药公司，如何使用AI加速药物研发？,"['bms', '辉瑞', '医药公司', '阿斯利康', 'ai', 'concerto', 'cancerl', 'oxford']"
388,微软论文解读：用于视觉对话的多步双重注意力模型,"['多步', '视觉', '微软', '模型', '论文', 'reason', 'rnn', 'step']"
389,秒变“女装大佬”！Snapchat推出性别转换滤镜，离线实时渲染（附测评）,"['滤镜', 'snapchat', '测评', '离线', '大佬', 'gan', 'cycle', 'eric']"
390,PaddlePaddle实战 | KDD Cup Regular ML Track 基线实现解析,"['基线', 'cup', 'regular', 'track', 'ml', 'kdd', 'paddlepaddle', '实现']"
391,精度高、模型小、速度快！梯形DenseNets结构实现语义分割新高度！,"['densenets', '速度快', '精度高', '实现', '模型', 'blocks', '算法', 'cityscapes']"
392,腾讯优图实验室AI手语识别研究白皮书,"['优图', '腾讯', 'ai', '听障', '翻译机', '障者', '优图ai手语翻译机', 'nbsp']"
393,面向NLP场景应用的智能辅助建模（三）要素树和概念树建模,"['建模', 'nlp', '应用', '智能', 'ldquo', 'rdquo', '聚类', 'dinfo']"
394,关于图算法 & 图分析的基础知识概览,"['基础知识', '算法', '节点', 'nbsp', '网页', 'pagerank', '权重', '最短']"
395,重建「巴别塔」：谷歌推出全新端到端语音翻译系统,"['巴别塔', '系统', '端到端', '谷歌', 'translatotron', '声谱', '模型', '序列']"
396,太極：MIT华人学神开源的计算机图形库,"['太極', '图形库', '学神', '计算机', 'mit', '开源', '图形学', 'fang']"
397,快到没朋友的YOLO v3有了PaddlePaddle 预训练模型,"['yolo', 'v3', '快到', 'paddlepaddle', '模型', 'coco', 'py', 'iou']"
398,2018 ACM博士论文奖公布：伯克利博士获奖，清华姚班马腾宇荣誉提名,"['马腾宇', 'acm', '博士论文', '博士', '姚班', '伯克利', '清华']"
399,获高通阿里投资后，耐能推出首颗为3D人脸识别定制的AI芯片,"['耐能', '首颗', '人脸识别', '高通', '3d', '投资', '芯片', '阿里']"
400,无延迟响应的Local Home SDK能帮助谷歌在智能语音赛道弯道超车吗？,"['sdk', 'home', 'local', '赛道', '谷歌', '智能', '集线器', '智能家居']"
401,准确率超90%！AI预测心脏病发作及死亡率远胜人类,"['心脏病', '准确率', '远胜', '预测', 'ai', '变量', 'pet']"
402,智能添翼助力实体经济腾飞，“智能+实体经济”深度融合发展论坛在沪举办,"['智能', '经济腾飞', '添翼', '论坛', '助力', '深度', '人工智能', '演讲']"
403,ICLR 2019论文主题 | RL最受欢迎，RNN下降幅度最大，GAN仍在继续发展,"['rl', 'rnn', '受欢迎', 'iclr', 'gan', '论文', '自动机']"
404,旷视「智见AI」SpringCamp圆满结营 （附回放链接）,"['gcamp', 'spr', '智见ai', '结营', '旷视', '报告', '检测器', '几何形']"
405,9大核心特性，3大场景集成方案，百度大脑发布UNIT3.0智能对话引擎,"['unit30', '大场', '百度', '智能', '问答', '专属', '开发者', '对话管理']"
406,自动化所宗成庆研究员：108页PPT干货读懂NLP的过去与现在,"['所宗成庆', 'ppt', '自动化', '干货', '读懂', 'nlp', '自然语言']"
407,旧金山，全球首个禁用人脸识别的城市,"['旧金山', '人脸识别', '城市', '首个', '技术', 'francisco', 'san', 'facial']"
408,论文提交数量爆炸式增长，最大规模NLP会议ACL 2019放榜,"['爆炸式', 'acl', '大规模', '会议', 'nlp', '论文', 'ac']"
409,GitHub最热！码代码不得不知的所有定律法则,"['最热', 'github', '代码', '接口隔离', '里氏', '读取', '依赖于', '帕金森']"
410,常用的模型集成方法介绍：bagging、boosting 、stacking,"['boost', 'bagging', 'stack', '模型', '弱学习器', '测数据', '集成模型', '方差']"
411,ThinkNet：迄今为止最简单的语言建模网络,"['knet', 'th', '语言', '建模', '步长', 'delta', '模型', 'tn']"
412,新增两大业务线，发布11款AI新品，商汤说一切为了AI普惠,"['商汤', '务线', '普惠', '新增', 'ai', '新品', 'sense']"
413,微软人工智能和物联网实验室正式启用，首批30家企业入驻,"['和物', '入驻', '企业', '微软', '人工智能', '张江', '浦东新区']"
414,KDD 2018最佳论文解读 | 图神经网络对抗攻击,"['对抗攻击', 'kdd', '论文', '神经网络', '节点', '攻击', '共现']"
415,为何巨头纷纷投入服务器AI芯片市场？,"['芯片', 'ai', '人工智能', '依图', 'nvidia', '服务器端', '竞争', '终端']"
416,人工智能时代计算机架构的趋势与挑战,"['计算机', '趋势', '人工智能', 'tpu', 'asic', '观点', 'nbsp', 'google']"
417,面向NLP场景应用的智能辅助建模（二）--本体树建模,"['建模', 'nlp', '应用', '智能', '聚类', '节点', '分类', '拖拽']"
418,智慧家庭医生专题报告：调研工作站落地进展，解决家医服务五大痛点，效率提升5~10倍,"['家庭医生', '工作站', '专题报告', '家医', '痛点', '五大', '落地']"
419,从Densebox到Dubox：更快、性能更优、更易部署的anchor-free目标检测,"['dubox', 'densebox', 'anchor', '更快', '更优', 'free', '检测器', 'nbsp']"
420,NAVER提出字符级别的文本检测网络：CRAFT,"['craft', 'naver', '提出', 'score', 'region', 'label', 'aff', 'ity']"
421,C3F：首个开源人群计数算法框架,"['c3f', '框架', '首个', '算法', '开源', 'sht', 'vgg', '标准差']"
422,手把手教你用Python构建你的第一个多标签图像分类模型（附案例）,"['教你用', '第一个', '分类', 'python', '模型', 'nbsp', 'img']"
423,性能超越何恺明Mask R-CNN！华科大开源图像分割新方法,"['mask', '何恺明', 'cnn', '科大', '开源', 'stance', 'scor', '蒙版']"
424,AI改变患者护理方式，脑部影像新锐公司募资1800万美元,"['脑部', '募资', 'ai', 'icometrix', 'icobra', 'forestay', 'capital']"
425,如何自学MIT的应用数学课程？这里有个参照给你,"['数学课程', '有个', 'mit', '应用', 'mathematics', 'courses', 'ocwmitedu', 'fall']"
426,ICLR 2019 | 骑驴找马：利用深度强化学习模型定位新物体,"['骑驴找马', 'iclr', '深度', '模型', 'rdquo', 'ldquo', '马克杯']"
427,在亚马逊，你甚至不需要兄弟,"['亚马逊', '机器人', '物流', '自动化', '消息人士', 'cmc', '美国', '巴尔的摩']"
428,RNN失宠、强化学习风头正劲，ICLR 2019的八点参会总结,"['参会', '正劲', 'rnn', 'iclr', 'et', 'al', '论文']"
429,理论优美的深度信念网络，Hinton老爷子北大最新演讲,"['演讲', '理论', '北大', 'int', '深度', '最新', 'rbm', '玻尔兹曼']"
430,UI2CODE智能生成代码——组件识别篇,"['ui2code', '代码', '智能', '控件', '连线', 'connection', 'ldquo', 'rdquo']"
431,「跨界」碰撞！当AI大佬遇上量化对冲基金之王,"['对冲', '跨界', '之王', '量化', '遇上', '大佬', 'ai', '人工智能']"
432,自动驾驶中的障碍物行为预测,"['预测', '网格', '算法', '规划', '感知', 'nbsp', '主车', 'subfigure']"
433,瑞士类脑芯片公司aiCTX开源脉冲神经网络仿真平台,"['aictx', '类脑', '瑞士', '平台', '芯片', '开源', '神经网络', 'sinabs']"
434,如何在BigQueryML中使用K-均值聚类来更好地理解和描述数据（附代码）,"['聚类', 'bigqueryml', '更好', '数据', '代码', '站点', 'cluster', 'station']"
435,AI“听音”辨别儿童抑郁，有望改善儿童心理健康,"['儿童', '儿童心理', '听音', 'ai', '内化', '行为障碍', '响起', '心理健康']"
436,车载小程序：BAT车联网的又一个战场,"['小程序', '车载', 'bat', '百度', '车企', '腾讯', '汽车', 'alios']"
437,人工智能芯片行业布局和投资前景分析,"['投资', '芯片', '人工智能', '商汤', '科技', '融资', '寒武纪', '依图']"
438,PaddlePaddle升级解读 | 基于会话的最优推荐模型SR-GNN,"['sr', '最优', 'nn', 'paddlepaddle', '模型', 'item', 'session', '推荐系统']"
439,轻量级卷积神经网络的设计,"['卷积', '神经网络', 'gmac', 'macs', 'stride', 'conv2d', 'relu']"
440,GAN生成图像综述,"['gan', '综述', '生成器', 'vae', 'cycle', '模型', 'pix2pix', 'l1']"
441,不用挨个数数，DNN也能「一眼看出」目标数量,"['一眼看出', '数数', 'nn', '网络单元', '数量感', '研究者', '神经元', '选择性']"
442,商汤开源最大目标跟踪库PySOT，代码已正式上线！,"['pysot', '商汤', '开源', '代码', 'py', 'siamrpn', 'stall', 'siammask']"
443,陈天奇：深度学习编译技术的现状和未来,"['陈天奇', '深度学习', '技术', '编译器', '优化', '算子', 'poly', 'tvm']"
444,GAN初创者另有其人？IanGoodfellow：只是纯策略版本,"['ellow', 'df', 'iangoo', '纯策略', 'gan', 'goo', 'ian', 'olli']"
445,前瞻研究：日本农业人工智能发展与趋势 | 智周报告核心版,"['农业', '日本', '核心版', '趋势', '人工智能', '技术', '智能', '智周']"
446,华为发布Atlas系列新品，强大算力引领AI未来,"['atlas', '算力', 'ai未来', '引领', '新品', '华为', '智能', 'ai']"
447,顶尖AI投资人齐聚首！首届百度AI技术投资营正式召开,"['投资人', 'ai', '投资', '百度', '技术', '创企', '平台', '深度学习']"
448,为你介绍7种流行的线性回归收缩与选择方法（附代码）,"['回归', '代码', 'nbsp', 'lasso', 'mae', 'ridge', 'model', 'pls']"
449,AIWIN：AI医疗下一个创新热点或面向临床需求,"['win', 'ai', '医疗', 'ldquo', 'rdquo', '人工智能', '硬件', '合伙人']"
450,e成科技员工Bot问题相似度演进之路,"['bot', '科技', '模型', '向量', 'query', 'nbsp', '深度学习', 'question']"
451,CVPR 2019：一个高阶张量搞定整个全卷积网络,"['高阶', '搞定', '张量', '卷积', 'cvpr', '压缩率', '参数']"
452,性能提升19倍，DGL重大更新支持亿级规模图神经网络训练,"['dgl', '亿级', '神经网络', 'pyg', '节点', 'v03']"
453,ICML 2019论文接收结果可视化：清华、北大、南大榜上有名,"['榜上有名', 'icml', '北大', '南大', '可视化', '清华', '论文']"
454,从第一台计算机共同成长为AI大牛，Bengio兄弟不为人知的故事,"['不为人知', '第一台', 'bengio', '大牛', '计算机', 'ai', 'yoshua', 'samy']"
455,一场中国车企办的自动驾驶大会究竟在讨论什么？,"['中国车', '企办', '地图', '高精', '事故', '激光雷达', '5g', '车上']"
456,GitHub放出重大更新：加入免费软件包管理服务,"['软件包', '放出', 'github', 'registry', 'package', '代码', 'maven', 'ruby']"
457,不得了，Deepfake新应用还能「复活」逝去的人,"['逝去', 'fake', 'deep', '应用', '达利', 'deepfake', 'lives', 'mid']"
458,没有三年实战经验，我是如何在谷歌云专业数据工程师认证中通关的,"['工程师', '专业', '歌云', '实战经验', '数据', 'cloud', 'google', '课程']"
459,TensorLayer 2.0：保有最多官方神经网络层的通用 Python 库,"['layer', 'tensor', '网络层', 'python', '董豪', '深度学习', '开源']"
460,"不能因为小钱赌上自己的命, 这才是Waymo对马斯克""激光雷达无用论""的正确驳斥","['激光雷达', '马斯克', 'waymo', '这才', '赌上', '无用论', '特斯拉', '摄像头']"
461,强人工智能离我们还有多远？,"['多远', '人工智能', '人脑', 'ai', '神经元', '生物', '突触', '智能']"
462,英伟达又火了一篇图像转换论文，我们竟然用来吸猫,"['吸猫', '伟达', '论文', 'funit', 'few', 'shot', '源类', '模型']"
463,人工智能开放创新平台简介,"['平台', '人工智能', 'tel', 'ai', 'nbsp', 'xeon', 'in', '产业']"
464,当计算机图形学遇上深度学习，针对3D图像的TensorFlow Graphics面世,"['graphics', '图形学', '遇上', 'tensorflow', '3d', '计算机', '深度学习', 'colabsandboxgooglecom']"
465,NLP生成任务超越BERT、GPT！微软提出通用预训练模型MASS,"['mas', 'gpt', 'bert', 'nlp', '微软', '提出', '模型', '序列']"
466,在TensorFlow+Keras环境下使用RoI池化一步步实现注意力机制,"['roi', '一步步', '池化', 'keras', 'tensorflow', '实现', 'pooled_height', 'pooled_width']"
467,「爬行者智能系统」亮相2019吉利汽车技术日，全球首个智慧城市示范区落子杭州湾,"['汽车', '杭州湾', '爬行者智能系统', '示范区', '落子', '智慧城市', '首个', '技术']"
468,百度王海峰：新一代人工智能技术如何促进产业智能化,"['新一代', '海峰', '产业', '百度', '技术', '人工智能', '图谱', '应用']"
469,依图科技高调杀入AI芯片领域：人工智能老兵的新想法,"['依图', '杀入', '芯片', '科技', '人工智能', 'ai', 'questcore', 'trade']"
470,百亿资金投入科研，医学知识图谱数据过百万，平安挺进「智慧医疗」,"['智慧医疗', '医学知识', '资金投入', '百亿', '图谱', '数据', '医院', '医疗']"
471,CVPR | 智能体张量融合，一种保持空间结构信息的轨迹预测方法,"['空间结构', '智能体', '张量', '预测', 'cvpr', 'nbsp', 'matf', 'agent']"
472,人工智能变革医疗领域，谷歌和哈佛科学家认为的最大助力是？,"['哈佛', '科学家', '助力', '医疗', '谷歌', '人工智能', '模型', '数据']"
473,6大亮点，3大特色，150+知名嘉宾聚首，2019全球新经济年会将于6月在上海拉开帷幕,"['拉开帷幕', '工业革命', '创始人', '全球化', '上海市', '亿欧']"
474,爱奇艺智能视频科技论坛首发互动视频标准，5G、AI兴起驱动娱乐产业进化,"['视频', '爱奇艺', '论坛', '5g', '产业', '科技', '智能', 'ai']"
475,独家专访 | 依图凭什么敢「卖房子」赌一颗AI芯？,"['依图', '卖房子', '专访', 'ai', '芯片', 'questcore', '算法', '视频']"
476,早发现早治疗系列之乳腺癌：DL模型为患者争取五年治疗时间,"['乳腺癌', 'dl', '模型', '患上', 'auc', '女性', '非裔', 'tc']"
477,对抗样本并非bug，它们只是特征罢了,"['bug', '稳健性', '非稳健', '研究者', '模型', '脆弱性', '分类器', '数据']"
478,颠覆传统计算架构：光神经网络硬件登上Nature,"['硬件', 'nature', '登上', '神经网络', '光学', '神经元', '突触', '光子']"
479,基于Python实现交互式数据可视化的工具(用于Web),"['用于web', '交互式', '可视化', '实现', 'python', '数据', 'plotly', 'altair']"
480,金融风控反欺诈之图算法,"['之图', '风控', '金融', '算法', '节点', '游走', '权重', 'node']"
481,重磅！MobileNetV3 来了！,"['mobilenetv3', 'mobilenetv2', '精度', 'large', 'imagenet', '下图', 'search', '模型']"
482,亚马逊的Alexa的语义分析性能得到大幅度提高,"['alexa', '大幅度提高', '亚马逊', 'music', 'play', '插槽', 'list', 'add']"
483,可提前5年预测乳腺癌风险！MIT科学家带来检测乳腺癌最新AI模型,"['乳腺癌', '带来', '科学家', 'mit', '预测', '最新', '模型', 'ai']"
484,旷视科技完成7.5亿美元D轮融资，估值达40亿美元,"['旷视科技', '估值', '融资', '旷视', '中银']"
485,贫乏，是我对凌晨谷歌 I/O 大会的唯一感受,"['谷歌', '苹果', 'pixel', '游戏', '流媒体', 'google', '硬件', '亚马逊']"
486,蚂蚁金服开源的机器学习工具 SQLFlow，有何特别之处？,"['sqlflow', '特别之处', '有何', '金服', '开源', 'sql', 'ai', 'go']"
487,面向NLP场景应用的智能辅助建模（一）简介,"['建模', 'nlp', '应用', '智能', '客服', '形式化', '业务人员', '模型']"
488,同济和华为诺亚提出：渐进式可微网络结构搜索，显著提升可微式搜索的性能和稳定性，已开源,"['稳定性', '网络结构', '诺亚', '可微', '同济', '可微式', '渐进式', '华为']"
489,广义相对论与深度学习能够碰撞出什么火花？高通AI Research最新研发成果一览,"['相对论', '高通', 'research', '最新', '深度学习', 'ai', '侯纪磊', 'cnn']"
490,不会编程没关系，这些平台让你秒变语音程序开发师,"['程序开发', '平台', '编程', '应用程序', 'voiceflow', 'alexa', 'storyflow', 'ldquo']"
491,基于Python的遗传算法特征约简（附代码）,"['遗传算法', '约简', 'python', '代码', 'nbsp', 'fitness', 'best', 'dices']"
492,AutoML研究综述：让AI学习设计AI,"['automl', 'ai', '综述', 'et', 'al', 'cash', '算法', '领域专家']"
493,AI协助开发复杂疾病靶点，阿斯利康达成合作,"['靶点', '阿斯利康', 'ai', 'benevolent', 'astrazeneca', 'drug', 'discovery', 'ckd']"
494,用人工神经网络控制猴子大脑，MIT科学家做到了,"['人工神经网络', '科学家', 'mit', '神经元', '模型', '位点', 'dicarlo', 'controller']"
495,尖叫连连！这是谷歌I/O带来的新惊喜：智能助手零延迟对话、3D鲨鱼「上舞台」,"['带来', '3d', '谷歌', '智能', 'pixel', '安卓', 'live', '3a']"
496,不让影像AI走医疗软件招标老路，同心医联用独有商业闭环已实现盈利,"['不让', '联用', '闭环', '实现', '医疗', 'ai', '医联', '医院']"
497,20个安全可靠的免费数据源，各领域数据任你挑,"['数据源', '任你挑', '安全可靠', '数据', 'data', 'https', 'dataset']"
498,亮风台完成1.2亿元B+轮融资，加速AR平台商业化进程,"['亮风台', '商业化', 'ar', '融资', '平台', 'capital']"
499,从IDC报告看百度云如何执掌云计算王国的「立法权」,"['立法权', 'idc', '报告', '百度', '智能', 'abc', '产业', '增速']"
500,李航《统计学习方法》第二版上线，6 年耕耘增加无监督学习（新书赠送）,"['李航', '统计学习方法', '本书', '马尔可夫', '算法', '参考文献']"
501,Github标星过万，Python新手100天学习计划，这次再学不会算我输！,"['标星', '再学', 'github', 'python', '知识点', '入门', '进阶']"
502,让Keras更酷一些：中间变量、权重滑动和安全生成器,"['变量', '生成器', '更酷', '权重', 'keras', 'self', 'weights', 'ema']"
503,另辟蹊径，微软小娜能否成功转型？,"['小娜', '微软', '舒曼', '亚马逊', 'ws', '谷歌', 'siri', '苹果']"
504,用人工神经网络控制真实大脑，MIT的科学家做到了,"['人工神经网络', '科学家', 'mit', '神经元', '模型', '位点', 'dicarlo', 'controller']"
505,CVPR 2019 | 基于级联生成式与判别式学习的乳腺钼靶微钙化检测,"['判别式', '生成式', '靶微', '级联', 'cvpr', 'asn', '检出']"
506,如何高效解决图相似性学习任务？DeepMind提出超越GNN的图匹配网络,"['相似性', 'nn', 'deep', '提出', 'gmn', '模型', '二元', '跨图']"
507,Win10集成Linux，推出全新命令行工具：微软Build大会全部亮点揭晓,"['ux', 'build', '命令行', '微软', 'ws', 'net', 'do']"
508,精度无损，体积压缩70%以上，百度PaddleSlim为你的模型瘦身,"['paddleslim', '精度', '百度', '模型', '量化', 'mobilenetv1', 'train']"
509, 十余行代码完成迁移学习，PaddleHub实战篇,"['paddlehub', '实战篇', '十余行', '代码', 'quot', 'tune', 'module', 'mag']"
510,目标检测：Segmentation is All You Need ？,"['segmentation', 'you', 'all', 'need', 'anchor', '算法', '像素', 'coco']"
511,阿里巴巴开源轻量级深度神经网络推理引擎MNN,"['阿里巴巴', '推理', 'nn', '深度', '开源', '神经网络', 'avg', 'max']"
512,自动驾驶与车联网引发了谁的焦虑与困惑? 这场三方闭门会议说明答案,"['三方', '这场', '会议', '车厂', '高精', '地图', '汽车', '买车']"
513,谷歌母公司Alphabet一季度财报公布：增长放缓 营收下滑,"['alphabet', '财报', '母公司', '放缓', '一季度', '营收', '谷歌']"
514,何晖光：多模态情绪识别及跨被试迁移学习,"['模态', '何晖光', '脑电', 'eeg', '眼动', '映射', '脑机', '模型']"
515,十问BV百度风投：专注医疗前沿技术，打造硬核AI时代的底气,"['bv', '风投', '前沿技术', '十问', '硬核', '医疗', '百度', 'ai']"
516,脑洞大开！机器学习与AI突破（附链接）,"['大开', '脑洞', 'ai', '视频', 'ldquo', 'rdquo', 'wwwkdnuggetscom', 'https']"
517,《细胞》：人工智能创作的「谜之画风」，却意外对了猴子们的胃口,"['谜之画风', '对了', '人工智能', '神经元', 'ponce', 'liv', 'neurons', '参考资料']"
518,跨越时空的「会面」，百度大脑语音合成技术亮相央视,"['央视', '百度', '技术', '袁林昌', '排长', 'ldquo', 'rdquo', '等着我']"
519,当Non-local遇见SENet，微软亚研提出更高效的全局上下文网络,"['senet', 'non', '亚研', 'local', '微软', '提出', 'block', 'nlnet']"
520,除了检查语法，用上深度学习的编辑器也能自动优化代码,"['编辑器', '优化', '深度学习', '代码', 'delta', 'fixer', 'edits', '编码器']"
521,ICLR 2019最佳论文出炉：微软、MILA、MIT获奖,"['mila', 'iclr', 'mit', '微软', '论文', '中奖彩票', '剪枝']"
522,发展第三代人工智能：清华AI研究院基础理论研究中心成立，朱军任主任,"['第三代人工智能', '基础理论研究中心', '朱军任', '清华', 'ai', '人工智能', '张钹', '清华大学']"
523,独家 | 寒武纪二代芯片发布在即，提前解密如何挑战英伟达！,"['寒武纪', '二代', '伟达', '芯片', '思元', '浮点运算', '浮点']"
524,一文读懂统计学与机器学习的本质区别（附案例）,"['统计学', '本质区别', '读懂', '模型', '数据', '回归', '预测', '理论']"
525,以机器人为入口构建老年人健康服务全闭环，养老会是AI的下一个「主战场」吗？,"['闭环', 'ai', '漫谷', '机器人', '科技', 'nbsp', '产品', '邹景璐']"
526,首例！诊断肾脏疾病，AI技术平台获FDA突破性设备认定,"['fda', '突破性', '平台', '技术', 'ai', 'kidney', 'telx', 'renalytix']"
527,一文读懂机器学习中的贝叶斯统计学,"['贝叶斯', '统计学', '读懂', 'nbsp', 'cromwell', '后验', '可能性', 'mises']"
528,清华-福州数据技术研究院发布人才大数据智能服务平台,"['人才', '服务平台', '大数据', '清华', '数据', '技术', '智能', '医疗']"
529,国内工业SaaS最大笔：黑湖智造完成B轮1.5亿元融资,"['黑湖智造', 'saas', 'b轮', '工业', '融资', '黑湖']"
530,CVPR 2019 | 全新缺失图像数据插补框架—CollaGAN,"['collagan', '插补', '框架', 'cvpr', '数据', 'gan', '生成器']"
531,推荐系统之路 (2)：产品聚类,"['聚类', '产品', '推荐系统', '产品名', '向量', 'dbscan', '分组', '预处理']"
532,初入软件「江湖」的萌新需要了解的五个经验教训,"['经验教训', '初入', '萌新', '开发者', '代码', '职业生涯', 'qa', '相关者']"
533,大量GitHub用户遭黑客勒索：不交比特币就公开私有代码,"['比特', '黑客', 'github', '代码', '攻击', '密码', 'git', 'bitbucket']"
534,仅需10分钟：开启你的机器学习之路,"['title', 'python', 'dataset', 'train_df', 'train', 'fare', 'data']"
535,全球及美国首张无人机配送商业化“驾照”先后落地，国内还要多久？,"['无人机', '首张', '商业化', '落地', '美国', '政策', '谷歌', '农村包围城市']"
536,人工智能视觉系统芯片将颠覆产业格局？,"['系统', '视觉', '产业', '芯片', '人工智能', '吴南健', '索尼', '传感器']"
537,2019年医疗产业预测：科技公司看涨，苹果手表发挥积极作用，数据隐私争论继续,"['隐私', '苹果', '医疗', '产业', '科技', '预测', '数据']"
538,用word2vec分析标题，预测文章转发量,"['word2vec', '预测', 'title', 'doc', 'word', 'words', 'text', 'ma']"
539,十余行代码完成迁移学习，百度PaddleHub实战解读,"['paddlehub', '十余行', '百度', '代码', 'quot', 'tune', 'module', 'mag']"
540,不负其名OpenAI，GPT-2模型阶段性公布……,"['openai', 'gpt', '其名', '不负', '阶段性', '模型', '分阶段']"
541,微软机器阅读理解超越人类水平，CoQA数据集得分刷新记录,"['coqa', '刷新记录', '微软', '数据', 'f1', '挑战赛', 'conversational', '问答']"
542,签证原因无法参加ICLR 2019，研究者请愿不在美国举办CS大会,"['研究者', 'cs', '不在', 'iclr', '美国', '请愿书', '赴美']"
543,DeepMind综述深度强化学习中的快与慢，智能体应该像人一样学习,"['智能体', '深度', 'deep', '综述', 'rl', 'episodic', 'meta', '心理学']"
544,数据科学家易犯的十大编码错误，你中招了吗？,"['易犯', '中招', '十大', '数据科学', 'data', 'csv', '代码', 'pickle']"
545,仅用200个样本就能得到当前最佳结果：手写字符识别新模型TextCaps,"['字符识别', 'textcaps', '仅用', '模型', '解码器', '训练样本', 'emnist']"
546,Facebook发布PyTorch 1.1，开源AI模型优化简化工具BoTorch & Ax,"['botorch', 'ax', 'facebook', '优化', 'pytorch', '开源', '模型']"
547,英文教程太难啃？这里有一份TensorFlow2.0中文教程（持续更新中）,"['教程', '太难', '中文', 'tensorflow', 'model', 'layer']"
548,最新Anchor-Free目标检测模型—FoveaBox,"['foveabox', 'anchor', 'free', '最新', '模型', '锚点', '矩形框', 'fovea']"
549,独家 | 前亚马逊大牛跳槽阿里达摩院：一波三折转入高德地图 ,"['达摩院', '高德', '大牛', '地图', '亚马逊', '阿里', '任小枫', 'idst']"
